{"client":"Thunder Client","collectionName":"Eshop","dateExported":"2023-01-31T05:26:23.765Z","version":"1.1","folders":[],"requests":[{"_id":"487730e3-8b9a-4284-a8ce-f757c576f7c4","colId":"92eeef62-379c-437f-b52f-cd952f0d1c98","containerId":"","name":"login_user","url":"localhost:3300/users/login","method":"POST","sortNum":10000,"created":"2023-01-23T13:25:31.760Z","modified":"2023-01-31T05:00:10.038Z","headers":[],"params":[],"body":{"type":"json","raw":"{\n\"email\" :\"vrushabhsatasiya82001@email.com\",\n\"password\" :\"Vru@82001\"\n}","form":[]},"tests":[]},{"_id":"0b955630-7a19-402c-952d-eb01d415b324","colId":"92eeef62-379c-437f-b52f-cd952f0d1c98","containerId":"","name":"register_user","url":"localhost:3300/users/register","method":"POST","sortNum":20000,"created":"2023-01-19T12:18:32.754Z","modified":"2023-01-31T04:56:14.582Z","headers":[],"params":[],"body":{"type":"json","raw":"{\n  \"name\": \"Satasiya Vrushabh\",\n  \"email\": \"vrushabhsatasiya82001@email.com\",\n  \"passwordHash\": \"Vru@82001\",\n  \"street\": \"Laxminagar\",\n  \"apartment\": \"Laxminagar\",\n  \"city\": \"surat\",\n  \"zip\": \"395010\",\n  \"country\": \"India\",\n  \"phone\": 7069182001,\n  \"isAdmin\": true\n}","form":[]},"tests":[]},{"_id":"872cee6b-134e-4550-9ea1-f73dfce8a3c3","colId":"92eeef62-379c-437f-b52f-cd952f0d1c98","containerId":"","name":"insert_categories","url":"localhost:3300/category","method":"POST","sortNum":30000,"created":"2023-01-19T12:19:37.934Z","modified":"2023-01-31T05:16:25.133Z","headers":[],"params":[],"body":{"type":"json","raw":"{\n  \n  \"name\": \"Laptop\",\n  \"color\": \"Black\",\n  \"icon\": \"path\",\n  \"image\": \"path\"\n}","form":[]},"auth":{"type":"bearer","bearer":"eyJhbGciOiJIUzI1NiIsInR5cCI6IkpXVCJ9.eyJ1c2VySWQiOiI2M2Q4YTQwMTQ3YzQxMGRhNmJiNWVkYTQiLCJpc0FkbWluIjp0cnVlLCJpYXQiOjE2NzUxNDIxNjksImV4cCI6MTY3NTIyODU2OX0.9DGSJNxT8gFNwGgxH-M5IZuwMeGCea0SDbIV-yLEN-w"},"tests":[]},{"_id":"60582836-ff05-4315-ad39-7d5c7d4d6d9c","colId":"92eeef62-379c-437f-b52f-cd952f0d1c98","containerId":"","name":"insert_products","url":"localhost:3300/products","method":"POST","sortNum":40000,"created":"2023-01-19T12:20:43.373Z","modified":"2023-01-31T05:17:54.305Z","headers":[],"params":[],"body":{"type":"json","raw":" {\n        \"name\": \"Macbook air\",\n            \"description\": \"The MacBook Air has an anodized aluminum casing that is 0.16 inches at its thinnest point and 0.76 inches at its thickest. Often described as the same size as a pad of paper, the laptop has just one USB port, an audio headphone jack and built-in speakers and microphone.\",\n                \"richdescription\": \"https://www.apple.com/in/macbook-pro-m1/\",\n    \"image\": \"path\",\n        \"images\": \"Folder paths\",\n            \"brand\": \"Apple\",\n                \"price\": 99999,\n                    \"category\": \"63d8a42a47c410da6bb5eda7\",\n    \"countInStock\": 99,\n    \"rating\": 5,\n    \"isFeatured\": true\n}  ","form":[]},"auth":{"type":"bearer","bearer":"eyJhbGciOiJIUzI1NiIsInR5cCI6IkpXVCJ9.eyJ1c2VySWQiOiI2M2Q4YTQwMTQ3YzQxMGRhNmJiNWVkYTQiLCJpc0FkbWluIjp0cnVlLCJpYXQiOjE2NzUxNDIxNjksImV4cCI6MTY3NTIyODU2OX0.9DGSJNxT8gFNwGgxH-M5IZuwMeGCea0SDbIV-yLEN-w"},"tests":[]},{"_id":"07baab04-3cae-423f-9ded-593cd131ff45","colId":"92eeef62-379c-437f-b52f-cd952f0d1c98","containerId":"","name":"insert_orders","url":"localhost:3300/orders","method":"POST","sortNum":50000,"created":"2023-01-19T12:21:51.936Z","modified":"2023-01-31T05:19:31.393Z","headers":[],"params":[],"body":{"type":"json","raw":"{\n  \"orderitems\": [\n    {\n      \"quantity\": 3,\n      \"product\": \"63d8a48247c410da6bb5edad\"\n    },\n    {\n      \"quantity\": 2,\n      \"product\": \"63d8a45547c410da6bb5edaa\"\n    }\n  ],\n  \"shippingAddress1\": \"SkillQode\",\n  \"shippingAddress2\": \"MicraSolution\",\n  \"city\": \"Surat\",\n  \"zip\": \"395010\",\n  \"country\": \"India\",\n  \"phone\": 9499556267,\n  \"user\": \"63d8a40147c410da6bb5eda4\"\n}","form":[]},"auth":{"type":"bearer","bearer":"eyJhbGciOiJIUzI1NiIsInR5cCI6IkpXVCJ9.eyJ1c2VySWQiOiI2M2Q4YTQwMTQ3YzQxMGRhNmJiNWVkYTQiLCJpc0FkbWluIjp0cnVlLCJpYXQiOjE2NzUxNDIxNjksImV4cCI6MTY3NTIyODU2OX0.9DGSJNxT8gFNwGgxH-M5IZuwMeGCea0SDbIV-yLEN-w"},"tests":[]},{"_id":"248c04c6-d808-4a77-a49f-026b9b17c0e0","colId":"92eeef62-379c-437f-b52f-cd952f0d1c98","containerId":"","name":"get_users","url":"localhost:3300/users/63cf4a838ec3404d47717ffc","method":"GET","sortNum":65000,"created":"2023-01-19T12:17:19.054Z","modified":"2023-01-31T05:11:13.068Z","headers":[],"params":[],"auth":{"type":"bearer","bearer":"eyJhbGciOiJIUzI1NiIsInR5cCI6IkpXVCJ9.eyJ1c2VySWQiOiI2M2NmNGE4MzhlYzM0MDRkNDc3MTdmZmMiLCJpc0FkbWluIjp0cnVlLCJpYXQiOjE2NzUwODAzMDMsImV4cCI6MTY3NTE2NjcwM30.6Z5wk_diyZjyk4c63Fl55Q_RXtRdAFNGFwK8_Nwx7fY"},"tests":[]},{"_id":"96981f6b-5b34-4e1b-ac99-ff01817f1a13","colId":"92eeef62-379c-437f-b52f-cd952f0d1c98","containerId":"","name":"get_categories","url":"localhost:3300/category","method":"GET","sortNum":70000,"created":"2023-01-19T12:26:05.219Z","modified":"2023-01-31T05:01:39.985Z","headers":[],"params":[],"tests":[]},{"_id":"acfff38a-a8e5-4c6a-9764-af73c216a136","colId":"92eeef62-379c-437f-b52f-cd952f0d1c98","containerId":"","name":"get_products","url":"localhost:3300/getproducts","method":"GET","sortNum":80000,"created":"2023-01-19T12:27:31.264Z","modified":"2023-01-30T12:12:25.034Z","headers":[],"params":[],"auth":{"type":"bearer","bearer":"eyJhbGciOiJIUzI1NiIsInR5cCI6IkpXVCJ9.eyJ1c2VySWQiOiI2M2NmNGE4MzhlYzM0MDRkNDc3MTdmZmMiLCJpc0FkbWluIjp0cnVlLCJpYXQiOjE2NzUwODA3MzUsImV4cCI6MTY3NTE2NzEzNX0.-PbtT0_ntaVBMp_wurB6GfcOnJGL21b4_sAzhryFa2w"},"tests":[]},{"_id":"75dd43ba-99a9-4967-af85-f83d453bf40b","colId":"92eeef62-379c-437f-b52f-cd952f0d1c98","containerId":"","name":"get_orders","url":"localhost:3300/orders","method":"GET","sortNum":90000,"created":"2023-01-19T12:28:12.324Z","modified":"2023-01-31T05:04:40.471Z","headers":[],"params":[],"tests":[]},{"_id":"a9c6f7b1-675a-4ea1-acc9-0713d8026280","colId":"92eeef62-379c-437f-b52f-cd952f0d1c98","containerId":"","name":"update_users","url":"localhost:3300/users/63ce05676efc9aebebfd8ef0","method":"PUT","sortNum":110000,"created":"2023-01-20T04:47:44.842Z","modified":"2023-01-31T05:05:48.767Z","headers":[],"params":[],"body":{"type":"json","raw":"{\n  \"apartment\": \"shree Hari House\"\n}","form":[]},"tests":[]},{"_id":"9d43454f-2c8d-426a-992d-ee4daaf98506","colId":"92eeef62-379c-437f-b52f-cd952f0d1c98","containerId":"","name":"update_category","url":"localhost:3300/category/id","method":"PUT","sortNum":120000,"created":"2023-01-20T04:48:42.473Z","modified":"2023-01-31T05:06:15.326Z","headers":[],"params":[],"tests":[]},{"_id":"0adb6741-e6ff-4042-a75d-67c579d26c05","colId":"92eeef62-379c-437f-b52f-cd952f0d1c98","containerId":"","name":"update_products","url":"localhost:3300/products/id","method":"PUT","sortNum":130000,"created":"2023-01-20T04:49:22.196Z","modified":"2023-01-31T05:07:03.863Z","headers":[],"params":[],"tests":[]},{"_id":"19e1c4a2-33bf-45f0-a11e-fb294e357128","colId":"92eeef62-379c-437f-b52f-cd952f0d1c98","containerId":"","name":"update_orders","url":"localhost:3300/orders/id","method":"PUT","sortNum":140000,"created":"2023-01-20T04:49:53.924Z","modified":"2023-01-31T05:07:19.776Z","headers":[],"params":[],"tests":[]},{"_id":"36c923d5-edf3-412a-89ee-adb1e5cba50d","colId":"92eeef62-379c-437f-b52f-cd952f0d1c98","containerId":"","name":"delete_users","url":"localhost:3300/users/63cb5a1a58baa57a758265fe","method":"DELETE","sortNum":160000,"created":"2023-01-20T04:52:09.161Z","modified":"2023-01-31T05:08:21.719Z","headers":[],"params":[],"tests":[]},{"_id":"23af3797-fa1b-46e7-9195-5a18f3e3cc5f","colId":"92eeef62-379c-437f-b52f-cd952f0d1c98","containerId":"","name":"delete_category","url":"localhost:3300/category/63cb5a5002406eafa2f4f744","method":"DELETE","sortNum":170000,"created":"2023-01-20T04:52:44.422Z","modified":"2023-01-31T05:12:21.815Z","headers":[],"params":[],"tests":[]},{"_id":"008194e2-d1a8-459b-b568-59bbe36cb2e1","colId":"92eeef62-379c-437f-b52f-cd952f0d1c98","containerId":"","name":"delete_products","url":"localhost:3300/products/id","method":"DELETE","sortNum":180000,"created":"2023-01-20T04:53:14.126Z","modified":"2023-01-31T05:08:44.255Z","headers":[],"params":[],"tests":[]},{"_id":"d992cc98-2209-4c05-9e19-dec65e11c9d6","colId":"92eeef62-379c-437f-b52f-cd952f0d1c98","containerId":"","name":"delete_orders","url":"localhost:3300/orders/id","method":"DELETE","sortNum":190000,"created":"2023-01-20T04:53:55.100Z","modified":"2023-01-31T05:08:55.350Z","headers":[],"params":[],"tests":[]},{"_id":"57957f36-680a-44b6-acf1-a5a84e86cb59","colId":"92eeef62-379c-437f-b52f-cd952f0d1c98","containerId":"","name":"get _users_id","url":"localhost:3300/users/id","method":"GET","sortNum":230000,"created":"2023-01-31T05:00:49.451Z","modified":"2023-01-31T05:01:07.919Z","headers":[],"params":[],"tests":[]},{"_id":"de0a9d40-9314-4a75-85b3-0b14b71a7b63","colId":"92eeef62-379c-437f-b52f-cd952f0d1c98","containerId":"","name":"get_category_id","url":"localhost:3300/category/id","method":"GET","sortNum":240000,"created":"2023-01-31T05:02:00.886Z","modified":"2023-01-31T05:02:10.748Z","headers":[],"params":[],"tests":[]},{"_id":"ae05455f-fea3-4f31-b33a-470e12ce53c0","colId":"92eeef62-379c-437f-b52f-cd952f0d1c98","containerId":"","name":"get_product_id","url":"localhost:3300/products/id","method":"GET","sortNum":250000,"created":"2023-01-31T05:04:13.963Z","modified":"2023-01-31T05:04:20.699Z","headers":[],"params":[],"tests":[]},{"_id":"b89cb295-d94e-44e4-8de5-f085bd8d9eea","colId":"92eeef62-379c-437f-b52f-cd952f0d1c98","containerId":"","name":"get_orders_id","url":"localhost:3300/orders/id","method":"GET","sortNum":260000,"created":"2023-01-31T05:04:56.443Z","modified":"2023-01-31T05:05:03.253Z","headers":[],"params":[],"tests":[]}]}
